<?xml version="1.0" encoding="UTF-8"?>

<beans xmlns="http://www.springframework.org/schema/beans"
       xmlns:xsi="http://www.w3.org/2001/XMLSchema-instance"
       xmlns:p="http://www.springframework.org/schema/p"
       xmlns:aop="http://www.springframework.org/schema/aop"
       xmlns:tx="http://www.springframework.org/schema/tx"
       xmlns:context="http://www.springframework.org/schema/context"
       xmlns:task="www.springframework.org/schema/cache"
       xsi:schemaLocation="http://www.springframework.org/schema/beans http://www.springframework.org/schema/beans/spring-beans-2.5.xsd
       http://www.springframework.org/schema/aop http://www.springframework.org/schema/aop/spring-aop-2.5.xsd
       http://www.springframework.org/schema/tx http://www.springframework.org/schema/tx/spring-tx-2.5.xsd
       http://www.springframework.org/schema/context http://www.springframework.org/schema/context/spring-context-2.5.xsd http://www.springframework.org/schema/cache http://www.springframework.org/schema/cache/spring-cache.xsd">

    <!--
        Escaneo automático de clases anotadas:
        La siguiente declaración se encargará de levantar las clases que posean las
        anotaciones (@Controller, @RequestMapping, @Repository, etc) en el paquete que
        se le indique. Para el caso, se indica el paquete web.
    -->
    <context:property-placeholder location="/WEB-INF/config/jdbc.properties"/>
    <!--
    <context:component-scan base-package="pe.gob.reniec.consultaDni"/>


    <tx:annotation-driven transaction-manager="transactionManager" />

    <context:property-placeholder location="/WEB-INF/config/jdbc.properties"/>
    -->
    <!--
    <bean id="sqlMapClient"
          class="org.springframework.orm.ibatis.SqlMapClientFactoryBean"
          p:configLocation="/WEB-INF/config/application-SqlMapConfig.xml"
          p:useTransactionAwareDataSource="true"
          p:dataSource-ref="dataSource"/>
    -->
    <!--
    <bean id="contextApplicationContextProvider" class="pe.gob.reniec.application.web.util.ApplicationContextProvider"></bean>


    <bean id="transactionManager" class="org.springframework.jdbc.datasource.DataSourceTransactionManager" >
        <property name="dataSource" ref="dataSource" />
    </bean>

    <tx:annotation-driven transaction-manager="transactionManager"/>

    <context:annotation-config />
    -->
    <!--
            Archivo de Mensajes:
            Carga todos los archivos de mensajes que comiencen con messagesxxxx
            se recomienda colocar este archivo en la ruta de conexto del aplicativo
    
    <bean id="applicationProps" class="org.springframework.beans.factory.config.PropertiesFactoryBean">
        <property name="locations" >
            <list>
                <value>/WEB-INF/config/messages.properties</value>
            </list>
        </property>
    </bean>
	-->
</beans>
