<?xml version="1.0" encoding="UTF-8"?>
<metadata modelVersion="1.1.0">
  <groupId>org.kohsuke</groupId>
  <artifactId>groovy-sandbox</artifactId>
  <version>1.26-SNAPSHOT</version>
  <versioning>
    <snapshot>
      <timestamp>20200603.122839</timestamp>
      <buildNumber>1</buildNumber>
    </snapshot>
    <lastUpdated>20200603122845</lastUpdated>
    <snapshotVersions>
      <snapshotVersion>
        <classifier>sources</classifier>
        <extension>jar</extension>
        <value>1.26-jaspersoft-1-20200603.122839-1</value>
        <updated>20200603122839</updated>
      </snapshotVersion>
      <snapshotVersion>
        <extension>jar</extension>
        <value>1.26-jaspersoft-1-20200603.122839-1</value>
        <updated>20200603122839</updated>
      </snapshotVersion>
      <snapshotVersion>
        <classifier>tests</classifier>
        <extension>jar</extension>
        <value>1.26-jaspersoft-1-20200603.122839-1</value>
        <updated>20200603122839</updated>
      </snapshotVersion>
      <snapshotVersion>
        <extension>pom</extension>
        <value>1.26-jaspersoft-1-20200603.122839-1</value>
        <updated>20200603122839</updated>
      </snapshotVersion>
    </snapshotVersions>
  </versioning>
</metadata>
