<?xml version="1.0" encoding="UTF-8"?>
<beans xmlns="http://www.springframework.org/schema/beans"
       xmlns:xsi="http://www.w3.org/2001/XMLSchema-instance"
       xmlns:context="http://www.springframework.org/schema/context"
       xmlns:mvc="http://www.springframework.org/schema/mvc"
       xsi:schemaLocation="http://www.springframework.org/schema/beans
        http://www.springframework.org/schema/beans/spring-beans.xsd
        http://www.springframework.org/schema/context
        http://www.springframework.org/schema/context/spring-context.xsd
        http://www.springframework.org/schema/mvc
	    http://www.springframework.org/schema/mvc/spring-mvc.xsd">

    <!--
<bean class="org.springframework.web.servlet.mvc.annotation.DefaultAnnotationHandlerMapping"/>
<bean class="org.springframework.web.servlet.mvc.annotation.AnnotationMethodHandlerAdapter"/>
-->

<!-- Scans the classpath of this application for @Components to deploy as beans -->
<context:component-scan base-package="pe.gob.reniec.padronelectoral" />


<mvc:annotation-driven />
<mvc:resources mapping="/resources/**" location="/resources/" />

<!-- Permite que WebLogic sirva el contenido si Spring no encuentra un match -->
<mvc:default-servlet-handler />

    <!-- Mapea la ubicacion de las vistas -->
<bean id="jspViewResolver" class="org.springframework.web.servlet.view.InternalResourceViewResolver">
    <property name="viewClass" value="org.springframework.web.servlet.view.JstlView" />
    <property name="prefix" value="/WEB-INF/view/" />
    <property name="suffix" value=".jsp" />
</bean>

<bean id="multipartResolver" class="org.springframework.web.multipart.commons.CommonsMultipartResolver">
    <property name="maxUploadSize" value="80000000"/>
</bean>

</beans>