<?xml version="1.0" encoding="UTF-8"?>
<weblogic-web-app xmlns="http://xmlns.oracle.com/weblogic/weblogic-web-app" xmlns:xsi="http://www.w3.org/2001/XMLSchema-instance" xsi:schemaLocation="http://java.sun.com/xml/ns/javaee http://java.sun.com/xml/ns/javaee/web-app_2_5.xsd http://xmlns.oracle.com/weblogic/weblogic-web-app http://xmlns.oracle.com/weblogic/weblogic-web-app/1.0/weblogic-web-app.xsd">
  <container-descriptor>
    <show-archived-real-path-enabled>true</show-archived-real-path-enabled>
    <!--para soporte de bouncycastle encriptacion dependencias war-->
    <!--
    <prefer-application-packages>
      <package-name>org.bouncycastle.*</package-name>
    </prefer-application-packages>
    <prefer-application-resources>
        <resource-name>org/bouncycastle/**</resource-name>
        <resource-name>META-INF/services/org.bouncycastle.*</resource-name>
        <resource-name>META-INF/services/java.security.Provider</resource-name>
    </prefer-application-resources>
    -->
    <!--para soporte de bouncycastle encriptacion dependencias war-->
  </container-descriptor>
  <session-descriptor>
    <persistent-store-type>replicated_if_clustered</persistent-store-type>
  </session-descriptor>
  <jsp-descriptor>
    <keepgenerated>true</keepgenerated>
    <debug>true</debug>
  </jsp-descriptor>
  <!--<context-root>/LPI</context-root>-->
  <context-root>/LPI-PP</context-root>
</weblogic-web-app>
